id,species,body_mass_kg,shoulder_hump_height_cm,claw_length_cm,snout_length_cm,forearm_circumference_cm,ear_length_cm,fur_color,facial_profile,paw_pad_texture
GRZ_01,Grizzly Bear,226.4,11.6,6.5,22.9,45.4,9.4,Dark Brown,Dished,Smooth
GRZ_02,Grizzly Bear,295.8,17.3,8.9,21.1,47.1,8.8,Light Brown,Dished,Smooth
GRZ_03,Grizzly Bear,235.0,16.1,9.3,25.2,44.1,9.2,Light Brown,Dished,Smooth
GRZ_04,Grizzly Bear,216.9,14.0,10.2,24.0,56.4,8.4,Medium Brown,Dished,Smooth
GRZ_05,Grizzly Bear,283.2,16.9,10.7,20.6,39.8,7.3,Light Brown,Dished,Smooth
GRZ_06,Grizzly Bear,256.3,15.4,10.5,26.1,43.4,8.1,Grizzled,Dished,Smooth
GRZ_07,Grizzly Bear,221.9,14.1,9.8,23.5,42.5,6.9,Medium Brown,Dished,Smooth
GRZ_08,Grizzly Bear,191.1,13.7,9.8,23.6,56.4,7.5,Grizzled,Dished,Smooth
GRZ_09,Grizzly Bear,263.2,13.9,8.1,27.8,47.1,8.1,Light Brown,Dished,Smooth
GRZ_10,Grizzly Bear,272.8,12.5,9.5,24.8,45.0,8.5,Light Brown,Dished,Smooth
GRZ_11,Grizzly Bear,310.2,16.2,9.4,22.5,38.3,9.9,Medium Brown,Dished,Smooth
GRZ_12,Grizzly Bear,358.2,15.3,9.9,26.9,37.1,7.7,Light Brown,Dished,Smooth
GRZ_13,Grizzly Bear,226.1,13.4,9.9,22.6,40.7,8.2,Light Brown,Dished,Smooth
GRZ_14,Grizzly Bear,211.2,12.3,11.9,27.1,52.3,7.9,Dark Brown,Dished,Smooth
GRZ_15,Grizzly Bear,226.6,18.2,9.8,27.6,49.1,9.3,Light Brown,Dished,Smooth
GRZ_16,Grizzly Bear,269.1,12.7,9.3,24.9,41.7,8.7,Medium Brown,Dished,Smooth
GRZ_17,Grizzly Bear,212.5,11.9,10.4,25.9,51.6,8.2,Dark Brown,Dished,Smooth
GRZ_18,Grizzly Bear,307.5,16.1,10.8,28.3,50.6,8.9,Dark Brown,Dished,Smooth
GRZ_19,Grizzly Bear,339.6,14.4,12.1,23.5,43.2,6.9,Dark Brown,Dished,Smooth
GRZ_20,Grizzly Bear,312.4,15.0,10.3,25.9,49.4,8.6,Grizzled,Dished,Smooth
GRZ_21,Grizzly Bear,218.0,11.1,9.6,27.5,54.5,9.8,Grizzled,Dished,Smooth
GRZ_22,Grizzly Bear,290.4,20.3,10.4,27.6,46.1,7.6,Dark Brown,Dished,Smooth
GRZ_23,Grizzly Bear,322.9,17.4,10.5,26.4,47.4,8.5,Grizzled,Dished,Smooth
GRZ_24,Grizzly Bear,367.5,12.9,10.1,26.5,44.4,8.3,Light Brown,Dished,Smooth
GRZ_25,Grizzly Bear,258.3,15.0,8.6,27.3,45.4,6.9,Light Brown,Dished,Smooth
GRZ_26,Grizzly Bear,284.6,16.1,10.1,23.8,47.9,9.2,Light Brown,Dished,Smooth
GRZ_27,Grizzly Bear,329.3,15.7,10.5,25.8,47.2,7.6,Medium Brown,Dished,Smooth
GRZ_28,Grizzly Bear,285.4,17.3,11.0,23.6,44.7,8.6,Medium Brown,Dished,Smooth
GRZ_29,Grizzly Bear,300.4,13.4,11.3,27.9,52.0,9.3,Medium Brown,Dished,Smooth
GRZ_30,Grizzly Bear,265.8,11.6,9.5,27.5,40.1,8.5,Dark Brown,Dished,Smooth
GRZ_31,Grizzly Bear,280.0,12.8,9.5,21.0,49.7,9.1,Light Brown,Dished,Smooth
GRZ_32,Grizzly Bear,229.8,17.5,8.5,22.9,46.5,8.7,Grizzled,Dished,Smooth
GRZ_33,Grizzly Bear,323.4,11.9,9.5,27.3,45.7,9.9,Light Brown,Dished,Smooth
GRZ_34,Grizzly Bear,135.3,11.2,10.3,25.2,50.6,8.8,Dark Brown,Dished,Smooth
GRZ_35,Grizzly Bear,303.0,16.9,10.6,23.3,38.8,7.7,Light Brown,Dished,Smooth
GRZ_36,Grizzly Bear,278.4,16.3,9.2,27.8,46.2,9.3,Grizzled,Dished,Smooth
GRZ_37,Grizzly Bear,241.7,13.8,10.7,25.3,48.5,6.3,Medium Brown,Dished,Smooth
GRZ_38,Grizzly Bear,357.7,13.7,11.2,22.1,47.1,7.3,Grizzled,Dished,Smooth
GRZ_39,Grizzly Bear,200.4,15.1,9.9,25.7,43.5,6.3,Light Brown,Dished,Smooth
GRZ_40,Grizzly Bear,206.6,14.5,12.3,25.0,50.2,9.6,Light Brown,Dished,Smooth
GRZ_41,Grizzly Bear,326.6,14.1,8.8,24.7,46.3,8.8,Dark Brown,Dished,Smooth
GRZ_42,Grizzly Bear,359.5,12.3,11.2,23.3,53.2,8.7,Grizzled,Dished,Smooth
GRZ_43,Grizzly Bear,215.7,16.5,10.2,27.1,46.6,8.0,Dark Brown,Dished,Smooth
GRZ_44,Grizzly Bear,296.0,16.1,11.4,26.6,51.4,7.3,Dark Brown,Dished,Smooth
GRZ_45,Grizzly Bear,203.5,20.4,11.7,25.1,41.2,7.1,Medium Brown,Dished,Smooth
GRZ_46,Grizzly Bear,160.1,11.3,9.1,23.3,58.0,9.1,Dark Brown,Dished,Smooth
GRZ_47,Grizzly Bear,281.1,15.0,10.2,23.7,51.7,7.2,Grizzled,Dished,Smooth
GRZ_48,Grizzly Bear,288.3,15.1,8.5,24.6,43.2,8.2,Grizzled,Dished,Smooth
GRZ_49,Grizzly Bear,233.0,11.6,10.7,24.9,42.8,8.3,Light Brown,Dished,Smooth
GRZ_50,Grizzly Bear,281.8,13.9,9.2,23.2,53.3,9.2,Light Brown,Dished,Smooth
KDK_01,Kodiak Bear,431.3,20.3,11.5,28.9,57.6,10.3,Reddish Brown,Dished,Smooth
KDK_02,Kodiak Bear,535.6,21.7,12.6,28.1,55.4,9.3,Reddish Brown,Dished,Smooth
KDK_03,Kodiak Bear,510.4,15.7,9.8,28.0,59.9,9.3,Medium Brown,Dished,Smooth
KDK_04,Kodiak Bear,406.2,18.8,10.9,27.6,63.5,9.6,Medium Brown,Dished,Smooth
KDK_05,Kodiak Bear,415.3,17.7,11.4,29.0,63.1,10.5,Dark Brown,Dished,Smooth
KDK_06,Kodiak Bear,435.0,18.1,11.4,29.3,59.6,8.9,Medium Brown,Dished,Smooth
KDK_07,Kodiak Bear,499.5,18.5,10.6,29.5,64.2,8.6,Dark Brown,Dished,Smooth
KDK_08,Kodiak Bear,606.6,18.8,10.6,26.0,61.2,8.9,Medium Brown,Dished,Smooth
KDK_09,Kodiak Bear,505.4,18.2,12.6,31.0,57.8,9.4,Medium Brown,Dished,Smooth
KDK_10,Kodiak Bear,474.4,18.4,12.5,26.0,61.9,9.2,Reddish Brown,Dished,Smooth
KDK_11,Kodiak Bear,490.5,15.9,8.9,27.6,54.8,8.8,Medium Brown,Dished,Smooth
KDK_12,Kodiak Bear,546.3,18.0,11.3,28.1,63.7,9.9,Medium Brown,Dished,Smooth
KDK_13,Kodiak Bear,367.3,14.9,10.8,28.7,57.7,10.8,Reddish Brown,Dished,Smooth
KDK_14,Kodiak Bear,482.6,19.6,10.0,28.0,58.0,8.3,Dark Brown,Dished,Smooth
KDK_15,Kodiak Bear,473.7,15.4,10.1,24.3,63.9,9.6,Medium Brown,Dished,Smooth
KDK_16,Kodiak Bear,347.1,15.3,11.4,29.4,66.2,7.5,Medium Brown,Dished,Smooth
KDK_17,Kodiak Bear,298.9,15.0,10.3,28.3,67.0,7.9,Reddish Brown,Dished,Smooth
KDK_18,Kodiak Bear,389.0,16.6,10.8,25.5,56.3,8.9,Dark Brown,Dished,Smooth
KDK_19,Kodiak Bear,536.5,17.9,10.1,25.1,54.7,9.9,Dark Brown,Dished,Smooth
KDK_20,Kodiak Bear,437.5,15.6,11.6,29.8,55.5,9.4,Reddish Brown,Dished,Smooth
KDK_21,Kodiak Bear,500.4,15.3,9.4,26.7,57.0,8.1,Dark Brown,Dished,Smooth
KDK_22,Kodiak Bear,512.8,19.8,12.5,26.2,63.0,8.5,Dark Brown,Dished,Smooth
KDK_23,Kodiak Bear,516.6,15.3,12.0,28.2,60.9,8.4,Medium Brown,Dished,Smooth
KDK_24,Kodiak Bear,500.0,19.1,11.8,27.5,54.3,9.6,Medium Brown,Dished,Smooth
KDK_25,Kodiak Bear,489.1,14.9,10.8,30.7,63.3,8.3,Medium Brown,Dished,Smooth
KDK_26,Kodiak Bear,449.0,16.9,9.8,27.6,48.4,8.3,Medium Brown,Dished,Smooth
KDK_27,Kodiak Bear,446.8,18.7,10.6,27.7,57.4,8.7,Reddish Brown,Dished,Smooth
KDK_28,Kodiak Bear,344.8,20.8,11.0,24.6,59.2,10.5,Reddish Brown,Dished,Smooth
KDK_29,Kodiak Bear,487.8,16.2,11.4,27.2,70.2,8.8,Reddish Brown,Dished,Smooth
KDK_30,Kodiak Bear,550.7,17.3,11.6,28.1,63.3,9.2,Medium Brown,Dished,Smooth
KDK_31,Kodiak Bear,501.0,19.4,10.8,30.4,58.2,9.0,Dark Brown,Dished,Smooth
KDK_32,Kodiak Bear,549.7,20.5,10.2,30.1,52.7,9.7,Reddish Brown,Dished,Smooth
KDK_33,Kodiak Bear,488.5,16.8,11.7,31.4,59.9,9.2,Medium Brown,Dished,Smooth
KDK_34,Kodiak Bear,342.0,16.0,10.1,29.2,61.7,8.9,Medium Brown,Dished,Smooth
KDK_35,Kodiak Bear,392.9,14.3,12.9,28.4,51.8,9.2,Medium Brown,Dished,Smooth
KDK_36,Kodiak Bear,443.3,15.8,10.6,27.1,57.5,9.2,Medium Brown,Dished,Smooth
KDK_37,Kodiak Bear,520.3,15.7,9.4,25.7,58.3,9.6,Reddish Brown,Dished,Smooth
KDK_38,Kodiak Bear,407.7,18.6,10.9,27.5,64.5,8.6,Dark Brown,Dished,Smooth
KDK_39,Kodiak Bear,359.6,17.3,11.9,25.8,59.4,9.7,Reddish Brown,Dished,Smooth
KDK_40,Kodiak Bear,570.7,16.1,12.6,27.3,57.1,10.2,Medium Brown,Dished,Smooth
KDK_41,Kodiak Bear,508.1,14.8,12.1,27.6,57.0,10.2,Medium Brown,Dished,Smooth
KDK_42,Kodiak Bear,558.6,17.7,9.2,26.5,66.2,8.4,Reddish Brown,Dished,Smooth
KDK_43,Kodiak Bear,541.9,17.4,10.6,25.8,58.0,9.0,Reddish Brown,Dished,Smooth
KDK_44,Kodiak Bear,434.3,13.8,11.3,26.5,58.4,9.1,Medium Brown,Dished,Smooth
KDK_45,Kodiak Bear,515.5,15.3,9.4,27.5,55.0,10.0,Dark Brown,Dished,Smooth
KDK_46,Kodiak Bear,443.3,17.8,9.4,29.8,59.2,9.6,Reddish Brown,Dished,Smooth
KDK_47,Kodiak Bear,269.8,16.2,10.1,27.6,55.8,9.2,Reddish Brown,Dished,Smooth
KDK_48,Kodiak Bear,419.0,16.8,12.3,27.6,58.1,9.0,Medium Brown,Dished,Smooth
KDK_49,Kodiak Bear,397.1,17.7,9.2,29.1,66.0,8.4,Dark Brown,Dished,Smooth
KDK_50,Kodiak Bear,585.0,17.2,10.3,26.7,49.8,8.5,Medium Brown,Dished,Smooth
EUR_01,Eurasian Brown Bear,311.2,14.5,9.3,22.4,45.5,8.0,Blackish Brown,Dished,Smooth
EUR_02,Eurasian Brown Bear,281.2,13.3,7.3,21.8,44.0,7.5,Medium Brown,Dished,Smooth
EUR_03,Eurasian Brown Bear,299.5,15.0,10.8,22.9,44.4,7.5,Dark Brown,Dished,Smooth
EUR_04,Eurasian Brown Bear,235.3,14.7,11.3,22.5,40.0,9.0,Blackish Brown,Dished,Smooth
EUR_05,Eurasian Brown Bear,341.0,12.5,9.5,23.2,39.6,9.0,Blackish Brown,Dished,Smooth
EUR_06,Eurasian Brown Bear,243.1,13.7,9.1,22.0,47.1,8.3,Medium Brown,Dished,Smooth
EUR_07,Eurasian Brown Bear,233.0,10.2,9.4,18.3,43.0,7.6,Medium Brown,Dished,Smooth
EUR_08,Eurasian Brown Bear,359.7,16.8,9.6,21.5,53.1,6.6,Dark Brown,Dished,Smooth
EUR_09,Eurasian Brown Bear,262.9,11.8,7.8,22.8,39.3,7.7,Medium Brown,Dished,Smooth
EUR_10,Eurasian Brown Bear,330.0,11.5,8.8,25.3,43.3,8.3,Dark Brown,Dished,Smooth
EUR_11,Eurasian Brown Bear,148.8,9.8,8.8,23.1,44.5,8.3,Medium Brown,Dished,Smooth
EUR_12,Eurasian Brown Bear,318.9,9.8,11.1,23.8,50.0,6.8,Blackish Brown,Dished,Smooth
EUR_13,Eurasian Brown Bear,305.6,13.9,8.0,23.8,42.9,8.8,Dark Brown,Dished,Smooth
EUR_14,Eurasian Brown Bear,327.4,17.5,8.3,23.0,44.5,8.3,Medium Brown,Dished,Smooth
EUR_15,Eurasian Brown Bear,301.9,13.8,9.3,22.3,45.4,7.0,Blackish Brown,Dished,Smooth
EUR_16,Eurasian Brown Bear,241.5,15.4,8.7,20.8,45.0,5.9,Medium Brown,Dished,Smooth
EUR_17,Eurasian Brown Bear,265.1,14.1,9.0,24.5,44.8,8.3,Blackish Brown,Dished,Smooth
EUR_18,Eurasian Brown Bear,337.8,9.6,9.2,23.8,47.0,7.5,Medium Brown,Dished,Smooth
EUR_19,Eurasian Brown Bear,212.6,13.0,9.5,23.0,38.0,9.4,Dark Brown,Dished,Smooth
EUR_20,Eurasian Brown Bear,198.8,10.8,9.3,20.6,41.7,7.4,Dark Brown,Dished,Smooth
EUR_21,Eurasian Brown Bear,230.7,11.6,11.6,20.2,50.4,7.0,Blackish Brown,Dished,Smooth
EUR_22,Eurasian Brown Bear,250.4,13.2,11.1,22.5,35.8,8.7,Blackish Brown,Dished,Smooth
EUR_23,Eurasian Brown Bear,229.5,16.1,9.2,24.5,50.8,6.9,Medium Brown,Dished,Smooth
EUR_24,Eurasian Brown Bear,181.6,15.2,10.1,20.9,49.8,7.9,Blackish Brown,Dished,Smooth
EUR_25,Eurasian Brown Bear,191.8,15.2,9.0,21.9,46.1,8.0,Medium Brown,Dished,Smooth
EUR_26,Eurasian Brown Bear,207.1,11.5,8.3,23.6,43.4,9.0,Medium Brown,Dished,Smooth
EUR_27,Eurasian Brown Bear,272.3,12.8,8.3,22.3,49.1,8.1,Blackish Brown,Dished,Smooth
EUR_28,Eurasian Brown Bear,273.6,11.2,9.1,22.7,42.7,8.3,Blackish Brown,Dished,Smooth
EUR_29,Eurasian Brown Bear,275.1,11.2,10.0,24.5,43.9,7.7,Dark Brown,Dished,Smooth
EUR_30,Eurasian Brown Bear,249.4,11.9,9.9,22.4,49.9,8.5,Dark Brown,Dished,Smooth
EUR_31,Eurasian Brown Bear,193.5,12.6,9.4,22.8,46.2,7.7,Dark Brown,Dished,Smooth
EUR_32,Eurasian Brown Bear,165.4,9.1,10.0,22.6,48.3,7.2,Dark Brown,Dished,Smooth
EUR_33,Eurasian Brown Bear,293.9,16.0,9.0,23.1,37.6,8.2,Dark Brown,Dished,Smooth
EUR_34,Eurasian Brown Bear,291.4,13.5,8.6,23.5,47.0,8.8,Medium Brown,Dished,Smooth
EUR_35,Eurasian Brown Bear,282.7,9.1,10.0,22.1,45.1,8.5,Blackish Brown,Dished,Smooth
EUR_36,Eurasian Brown Bear,295.0,11.1,8.6,21.2,47.1,8.1,Dark Brown,Dished,Smooth
EUR_37,Eurasian Brown Bear,240.0,10.8,8.5,20.2,42.0,7.1,Blackish Brown,Dished,Smooth
EUR_38,Eurasian Brown Bear,333.2,14.1,8.3,23.1,48.4,8.8,Medium Brown,Dished,Smooth
EUR_39,Eurasian Brown Bear,275.0,12.8,9.0,22.9,40.7,7.8,Medium Brown,Dished,Smooth
EUR_40,Eurasian Brown Bear,268.0,13.1,9.7,24.7,41.6,9.5,Blackish Brown,Dished,Smooth
EUR_41,Eurasian Brown Bear,293.5,14.6,9.9,22.3,50.4,8.5,Medium Brown,Dished,Smooth
EUR_42,Eurasian Brown Bear,235.3,9.3,8.0,22.0,48.7,8.1,Medium Brown,Dished,Smooth
EUR_43,Eurasian Brown Bear,149.2,13.2,9.0,24.1,41.6,7.6,Blackish Brown,Dished,Smooth
EUR_44,Eurasian Brown Bear,186.3,14.1,9.2,26.0,41.6,7.4,Medium Brown,Dished,Smooth
EUR_45,Eurasian Brown Bear,207.6,12.7,9.9,21.9,41.6,7.6,Medium Brown,Dished,Smooth
EUR_46,Eurasian Brown Bear,412.9,12.8,6.5,21.6,41.0,6.8,Blackish Brown,Dished,Smooth
EUR_47,Eurasian Brown Bear,241.9,15.3,10.2,22.2,41.9,6.6,Blackish Brown,Dished,Smooth
EUR_48,Eurasian Brown Bear,270.8,11.3,10.4,21.3,38.2,8.4,Blackish Brown,Dished,Smooth
EUR_49,Eurasian Brown Bear,267.5,16.3,8.9,22.0,43.4,9.2,Blackish Brown,Dished,Smooth
EUR_50,Eurasian Brown Bear,194.1,16.2,9.7,21.4,48.2,7.9,Blackish Brown,Dished,Smooth
ABB_01,American Black Bear,143.2,1.2,5.8,20.3,39.9,12.7,Cinnamon,Straight,Rough
ABB_02,American Black Bear,162.7,1.0,4.3,17.0,34.9,11.8,Blond,Straight,Rough
ABB_03,American Black Bear,161.0,1.7,6.0,18.3,38.2,10.2,Brown,Straight,Rough
ABB_04,American Black Bear,151.9,1.5,4.7,20.2,32.7,11.5,Cinnamon,Straight,Rough
ABB_05,American Black Bear,204.6,1.6,5.5,21.5,31.4,9.8,Cinnamon,Straight,Rough
ABB_06,American Black Bear,146.2,1.2,4.9,18.2,34.9,11.0,Brown,Straight,Rough
ABB_07,American Black Bear,146.8,0.8,5.4,18.0,33.5,11.8,Brown,Straight,Rough
ABB_08,American Black Bear,151.5,1.4,5.7,17.8,31.3,13.4,Brown,Straight,Rough
ABB_09,American Black Bear,138.5,1.8,4.2,16.6,43.5,11.9,Cinnamon,Straight,Rough
ABB_10,American Black Bear,211.8,2.6,5.8,16.6,30.3,11.4,Black,Straight,Rough
ABB_11,American Black Bear,134.5,1.7,6.1,19.9,39.1,10.7,Black,Straight,Rough
ABB_12,American Black Bear,30.0,0.3,6.8,20.2,39.9,10.7,Cinnamon,Straight,Rough
ABB_13,American Black Bear,167.2,1.6,5.0,16.4,36.7,11.2,Blond,Straight,Rough
ABB_14,American Black Bear,34.6,2.4,6.4,20.1,40.0,12.6,Black,Straight,Rough
ABB_15,American Black Bear,194.6,1.1,7.0,19.6,35.9,10.4,Black,Straight,Rough
ABB_16,American Black Bear,135.5,3.1,4.7,17.4,35.6,10.6,Blond,Straight,Rough
ABB_17,American Black Bear,138.3,1.8,4.6,17.6,34.8,10.5,Cinnamon,Straight,Rough
ABB_18,American Black Bear,280.0,0.8,5.3,19.8,35.9,10.2,Blond,Straight,Rough
ABB_19,American Black Bear,136.5,1.6,6.6,16.6,24.6,11.2,Cinnamon,Straight,Rough
ABB_20,American Black Bear,138.3,1.9,6.8,20.1,41.0,12.3,Brown,Straight,Rough
ABB_21,American Black Bear,196.0,2.1,4.9,19.9,39.3,13.0,Black,Straight,Rough
ABB_22,American Black Bear,117.3,1.5,4.5,18.3,37.1,12.3,Cinnamon,Straight,Rough
ABB_23,American Black Bear,88.6,1.7,5.4,20.9,32.7,10.8,Black,Straight,Rough
ABB_24,American Black Bear,112.0,1.9,6.9,19.9,41.7,12.1,Cinnamon,Straight,Rough
ABB_25,American Black Bear,49.9,1.0,5.7,18.3,30.8,11.0,Black,Straight,Rough
ABB_26,American Black Bear,156.6,1.6,5.2,21.5,40.1,11.8,Black,Straight,Rough
ABB_27,American Black Bear,129.3,1.6,5.5,18.2,36.2,12.8,Cinnamon,Straight,Rough
ABB_28,American Black Bear,129.1,1.7,4.4,20.6,35.1,11.2,Black,Straight,Rough
ABB_29,American Black Bear,214.7,2.6,6.2,17.7,42.1,11.7,Brown,Straight,Rough
ABB_30,American Black Bear,38.2,1.6,4.6,19.8,29.1,10.5,Brown,Straight,Rough
ABB_31,American Black Bear,92.4,1.5,5.4,22.5,43.6,11.3,Cinnamon,Straight,Rough
ABB_32,American Black Bear,196.6,2.1,5.1,18.7,39.6,12.3,Blond,Straight,Rough
ABB_33,American Black Bear,152.8,1.4,5.4,18.7,36.4,12.1,Brown,Straight,Rough
ABB_34,American Black Bear,104.8,1.0,4.0,19.6,37.3,11.4,Brown,Straight,Rough
ABB_35,American Black Bear,209.2,1.2,5.2,21.8,41.7,9.5,Blond,Straight,Rough
ABB_36,American Black Bear,91.8,1.0,6.1,18.1,31.0,9.4,Black,Straight,Rough
ABB_37,American Black Bear,116.7,1.7,5.3,19.2,40.8,11.5,Blond,Straight,Rough
ABB_38,American Black Bear,47.4,0.4,5.4,18.7,33.9,12.5,Brown,Straight,Rough
ABB_39,American Black Bear,170.8,1.1,6.2,18.7,39.1,12.6,Black,Straight,Rough
ABB_40,American Black Bear,180.8,1.7,6.2,18.7,41.0,11.5,Brown,Straight,Rough
ABB_41,American Black Bear,110.5,2.0,5.1,20.4,41.6,12.8,Cinnamon,Straight,Rough
ABB_42,American Black Bear,230.2,0.5,6.2,20.7,30.4,12.0,Blond,Straight,Rough
ABB_43,American Black Bear,179.6,1.3,5.7,17.4,30.9,9.0,Blond,Straight,Rough
ABB_44,American Black Bear,144.8,1.1,4.7,21.0,40.7,10.4,Black,Straight,Rough
ABB_45,American Black Bear,149.5,1.8,6.3,17.7,44.9,11.0,Black,Straight,Rough
ABB_46,American Black Bear,144.1,1.8,4.8,15.4,27.4,14.5,Blond,Straight,Rough
ABB_47,American Black Bear,164.3,1.9,5.4,19.8,43.1,12.1,Blond,Straight,Rough
ABB_48,American Black Bear,145.6,1.2,6.6,19.3,33.5,12.8,Blond,Straight,Rough
ABB_49,American Black Bear,190.3,1.7,6.3,21.2,36.3,10.0,Black,Straight,Rough
ABB_50,American Black Bear,167.3,2.3,6.6,20.1,39.4,10.8,Blond,Straight,Rough
